monitor,test,value,min,max,passed
MONITOR_O2_B1S2,MONITOR_O2_B1S2 test 1,13,0,50,True
MONITOR_O2_B1S2,MONITOR_O2_B1S2 test 2,23,0,50,True
MONITOR_O2_B1S2,MONITOR_O2_B1S2 test 3,33,0,50,False
MONITOR_O2_B2S1,MONITOR_O2_B2S1 test 1,13,0,50,True
MONITOR_O2_B2S1,MONITOR_O2_B2S1 test 2,23,0,50,True
MONITOR_O2_B2S1,MONITOR_O2_B2S1 test 3,33,0,50,False
MONITOR_O2_B2S4,MONITOR_O2_B2S4 test 1,13,0,50,True
MONITOR_O2_B2S4,MONITOR_O2_B2S4 test 2,23,0,50,True
MONITOR_O2_B2S4,MONITOR_O2_B2S4 test 3,33,0,50,False
MONITOR_O2_B3S3,MONITOR_O2_B3S3 test 1,13,0,50,True
MONITOR_O2_B3S3,MONITOR_O2_B3S3 test 2,23,0,50,True
MONITOR_O2_B3S3,MONITOR_O2_B3S3 test 3,33,0,50,False
MONITOR_O2_B4S2,MONITOR_O2_B4S2 test 1,13,0,50,True
MONITOR_O2_B4S2,MONITOR_O2_B4S2 test 2,23,0,50,True
MONITOR_O2_B4S2,MONITOR_O2_B4S2 test 3,33,0,50,False
MONITOR_CATALYST_B1,MONITOR_CATALYST_B1 test 1,13,0,50,True
MONITOR_CATALYST_B1,MONITOR_CATALYST_B1 test 2,23,0,50,True
MONITOR_CATALYST_B1,MONITOR_CATALYST_B1 test 3,33,0,50,False
MONITOR_CATALYST_B4,MONITOR_CATALYST_B4 test 1,13,0,50,True
MONITOR_CATALYST_B4,MONITOR_CATALYST_B4 test 2,23,0,50,True
MONITOR_CATALYST_B4,MONITOR_CATALYST_B4 test 3,33,0,50,False
MONITOR_EGR_B2,MONITOR_EGR_B2 test 1,13,0,50,True
MONITOR_EGR_B2,MONITOR_EGR_B2 test 2,23,0,50,True
MONITOR_EGR_B2,MONITOR_EGR_B2 test 3,33,0,50,False
MONITOR_VVT_B1,MONITOR_VVT_B1 test 1,13,0,50,True
MONITOR_VVT_B1,MONITOR_VVT_B1 test 2,23,0,50,True
MONITOR_VVT_B1,MONITOR_VVT_B1 test 3,33,0,50,False
MONITOR_VVT_B4,MONITOR_VVT_B4 test 1,13,0,50,True
MONITOR_VVT_B4,MONITOR_VVT_B4 test 2,23,0,50,True
MONITOR_VVT_B4,MONITOR_VVT_B4 test 3,33,0,50,False
MONITOR_EVAP_020,MONITOR_EVAP_020 test 1,13,0,50,True
MONITOR_EVAP_020,MONITOR_EVAP_020 test 2,23,0,50,True
MONITOR_EVAP_020,MONITOR_EVAP_020 test 3,33,0,50,False
MONITOR_O2_HEATER_B1S3,MONITOR_O2_HEATER_B1S3 test 1,13,0,50,True
MONITOR_O2_HEATER_B1S3,MONITOR_O2_HEATER_B1S3 test 2,23,0,50,True
MONITOR_O2_HEATER_B1S3,MONITOR_O2_HEATER_B1S3 test 3,33,0,50,False
MONITOR_O2_HEATER_B2S2,MONITOR_O2_HEATER_B2S2 test 1,13,0,50,True
MONITOR_O2_HEATER_B2S2,MONITOR_O2_HEATER_B2S2 test 2,23,0,50,True
MONITOR_O2_HEATER_B2S2,MONITOR_O2_HEATER_B2S2 test 3,33,0,50,False
MONITOR_O2_HEATER_B3S1,MONITOR_O2_HEATER_B3S1 test 1,13,0,50,True
MONITOR_O2_HEATER_B3S1,MONITOR_O2_HEATER_B3S1 test 2,23,0,50,True
MONITOR_O2_HEATER_B3S1,MONITOR_O2_HEATER_B3S1 test 3,33,0,50,False
MONITOR_O2_HEATER_B3S4,MONITOR_O2_HEATER_B3S4 test 1,13,0,50,True
MONITOR_O2_HEATER_B3S4,MONITOR_O2_HEATER_B3S4 test 2,23,0,50,True
MONITOR_O2_HEATER_B3S4,MONITOR_O2_HEATER_B3S4 test 3,33,0,50,False
MONITOR_O2_HEATER_B4S3,MONITOR_O2_HEATER_B4S3 test 1,13,0,50,True
MONITOR_O2_HEATER_B4S3,MONITOR_O2_HEATER_B4S3 test 2,23,0,50,True
MONITOR_O2_HEATER_B4S3,MONITOR_O2_HEATER_B4S3 test 3,33,0,50,False
MONITOR_HEATED_CATALYST_B1,MONITOR_HEATED_CATALYST_B1 test 1,13,0,50,True
MONITOR_HEATED_CATALYST_B1,MONITOR_HEATED_CATALYST_B1 test 2,23,0,50,True
MONITOR_HEATED_CATALYST_B1,MONITOR_HEATED_CATALYST_B1 test 3,33,0,50,False
MONITOR_HEATED_CATALYST_B4,MONITOR_HEATED_CATALYST_B4 test 1,13,0,50,True
MONITOR_HEATED_CATALYST_B4,MONITOR_HEATED_CATALYST_B4 test 2,23,0,50,True
MONITOR_HEATED_CATALYST_B4,MONITOR_HEATED_CATALYST_B4 test 3,33,0,50,False
MONITOR_SECONDARY_AIR_3,MONITOR_SECONDARY_AIR_3 test 1,13,0,50,True
MONITOR_SECONDARY_AIR_3,MONITOR_SECONDARY_AIR_3 test 2,23,0,50,True
MONITOR_SECONDARY_AIR_3,MONITOR_SECONDARY_AIR_3 test 3,33,0,50,False
MONITOR_FUEL_SYSTEM_B1,MONITOR_FUEL_SYSTEM_B1 test 1,13,0,50,True
MONITOR_FUEL_SYSTEM_B1,MONITOR_FUEL_SYSTEM_B1 test 2,23,0,50,True
MONITOR_FUEL_SYSTEM_B1,MONITOR_FUEL_SYSTEM_B1 test 3,33,0,50,False
MONITOR_FUEL_SYSTEM_B4,MONITOR_FUEL_SYSTEM_B4 test 1,13,0,50,True
MONITOR_FUEL_SYSTEM_B4,MONITOR_FUEL_SYSTEM_B4 test 2,23,0,50,True
MONITOR_FUEL_SYSTEM_B4,MONITOR_FUEL_SYSTEM_B4 test 3,33,0,50,False
MONITOR_BOOST_PRESSURE_B2,MONITOR_BOOST_PRESSURE_B2 test 1,13,0,50,True
MONITOR_BOOST_PRESSURE_B2,MONITOR_BOOST_PRESSURE_B2 test 2,23,0,50,True
MONITOR_BOOST_PRESSURE_B2,MONITOR_BOOST_PRESSURE_B2 test 3,33,0,50,False
MONITOR_MISFIRE_GENERAL,MONITOR_MISFIRE_GENERAL test 1,13,0,50,True
MONITOR_MISFIRE_GENERAL,MONITOR_MISFIRE_GENERAL test 2,23,0,50,True
MONITOR_MISFIRE_GENERAL,MONITOR_MISFIRE_GENERAL test 3,33,0,50,False
MONITOR_MISFIRE_CYLINDER_2,MONITOR_MISFIRE_CYLINDER_2 test 1,13,0,50,True
MONITOR_MISFIRE_CYLINDER_2,MONITOR_MISFIRE_CYLINDER_2 test 2,23,0,50,True
MONITOR_MISFIRE_CYLINDER_2,MONITOR_MISFIRE_CYLINDER_2 test 3,33,0,50,False
MONITOR_MISFIRE_CYLINDER_5,MONITOR_MISFIRE_CYLINDER_5 test 1,13,0,50,True
MONITOR_MISFIRE_CYLINDER_5,MONITOR_MISFIRE_CYLINDER_5 test 2,23,0,50,True
MONITOR_MISFIRE_CYLINDER_5,MONITOR_MISFIRE_CYLINDER_5 test 3,33,0,50,False
MONITOR_MISFIRE_CYLINDER_8,MONITOR_MISFIRE_CYLINDER_8 test 1,13,0,50,True
MONITOR_MISFIRE_CYLINDER_8,MONITOR_MISFIRE_CYLINDER_8 test 2,23,0,50,True
MONITOR_MISFIRE_CYLINDER_8,MONITOR_MISFIRE_CYLINDER_8 test 3,33,0,50,False
MONITOR_MISFIRE_CYLINDER_11,MONITOR_MISFIRE_CYLINDER_11 test 1,13,0,50,True
MONITOR_MISFIRE_CYLINDER_11,MONITOR_MISFIRE_CYLINDER_11 test 2,23,0,50,True
MONITOR_MISFIRE_CYLINDER_11,MONITOR_MISFIRE_CYLINDER_11 test 3,33,0,50,False
MONITOR_PM_FILTER_B1,MONITOR_PM_FILTER_B1 test 1,13,0,50,True
MONITOR_PM_FILTER_B1,MONITOR_PM_FILTER_B1 test 2,23,0,50,True
MONITOR_PM_FILTER_B1,MONITOR_PM_FILTER_B1 test 3,33,0,50,False
