timestam,elapsed_s,ENGINE_LOAD (%),COOLANT_TEMP (°C),INTAKE_PRESSURE (kPa),RPM (rpm),SPEED (km/h),TIMING_ADVANCE (deg),INTAKE_TEMP (°C),MAF (g/s),THROTTLE_POS (%),FUEL_LEVEL (%)
2026-09-29T15:04:20.622,0.0,46.906,92.426,44.737,2496.709,21.707,22.992,33.991,6.164,5.102,62.448
2026-09-29T15:04:20.928,0.31,44.736,92.367,42.673,2577.477,21.041,22.98,33.995,5.416,5.575,62.452
2026-09-29T15:04:21.235,0.61,42.425,92.307,40.662,2654.296,20.539,22.866,33.997,4.816,6.42,62.455
2026-09-29T15:04:21.540,0.92,39.983,92.244,38.737,2726.775,20.201,22.652,33.999,4.377,7.607,62.459
2026-09-29T15:04:21.849,1.23,37.469,92.179,36.928,2795.008,20.025,22.336,34.0,4.101,9.129,62.462
2026-09-29T15:04:22.157,1.54,34.887,92.112,35.261,2857.017,20.016,21.929,34.0,4.0,10.923,62.465
2026-09-29T15:04:22.462,1.84,32.32,92.042,33.784,2913.39,20.173,21.43,33.999,4.076,12.948,62.468
2026-09-29T15:04:22.769,2.15,29.813,91.971,32.529,2962.665,20.492,20.852,33.997,4.325,15.155,62.47
2026-09-29T15:04:23.076,2.46,27.376,91.897,31.5,3005.161,20.974,20.198,33.994,4.742,17.49,62.473
2026-09-29T15:04:23.383,2.76,25.073,91.821,30.732,3040.082,21.618,19.476,33.99,5.318,19.886,62.476
2026-09-29T15:04:23.692,3.07,22.919,91.743,30.229,3067.427,22.427,18.691,33.985,6.047,22.3,62.478
2026-09-29T15:04:23.999,3.38,20.974,91.664,30.01,3086.502,23.386,17.864,33.98,6.902,24.646,62.48
2026-09-29T15:04:24.306,3.69,19.257,91.582,30.076,3097.34,24.498,16.999,33.973,7.87,26.868,62.483
2026-09-29T15:04:24.615,4.0,17.803,91.5,30.427,3099.82,25.761,16.104,33.966,8.936,28.931,62.485
2026-09-29T15:04:24.922,4.3,16.629,91.415,31.056,3093.875,27.165,15.199,33.957,10.062,30.743,62.487
2026-09-29T15:04:25.230,4.61,15.769,91.329,31.945,3079.669,28.696,14.294,33.948,11.23,32.279,62.488
2026-09-29T15:04:25.537,4.92,15.222,91.242,33.089,3057.163,30.366,13.394,33.938,12.418,33.501,62.49
2026-09-29T15:04:25.843,5.22,15.004,91.153,34.451,3026.831,32.153,12.517,33.927,13.595,34.373,62.492
2026-09-29T15:04:26.149,5.53,15.116,91.064,36.012,2988.846,34.049,11.676,33.915,14.731,34.873,62.493
2026-09-29T15:04:26.456,5.84,15.555,90.973,37.741,2943.569,36.055,10.872,33.902,15.813,34.993,62.494
2026-09-29T15:04:26.763,6.14,16.314,90.882,39.613,2891.099,38.169,10.122,33.889,16.811,34.726,62.495
2026-09-29T15:04:27.071,6.45,17.386,90.789,41.59,2832.502,40.363,9.437,33.874,17.703,34.079,62.496
2026-09-29T15:04:27.376,6.76,18.747,90.696,43.626,2768.007,42.638,8.823,33.859,18.467,33.074,62.497
2026-09-29T15:04:27.686,7.07,20.37,90.602,45.69,2697.928,45.0,8.285,33.842,19.096,31.718,62.498
2026-09-29T15:04:27.992,7.37,22.251,90.506,47.748,2623.401,47.413,7.836,33.825,19.563,30.071,62.499
2026-09-29T15:04:28.300,7.68,24.329,90.411,49.748,2544.629,49.889,7.478,33.807,19.867,28.151,62.499
2026-09-29T15:04:28.613,7.99,26.648,90.313,51.705,2461.056,52.452,7.213,33.788,19.996,25.988,62.5
2026-09-29T15:04:28.923,8.3,29.053,90.217,53.49,2376.664,55.0,7.055,33.768,19.945,23.691,62.5
2026-09-29T15:04:29.271,8.65,31.58,90.109,55.302,2279.759,57.903,7.001,33.745,19.673,20.987,62.5
2026-09-29T15:04:29.578,8.96,34.458,90.011,56.713,2192.248,60.485,7.063,33.724,19.254,18.58,62.5
2026-09-29T15:04:29.885,9.26,37.028,89.914,57.888,2105.666,63.054,7.226,33.702,18.678,16.215,62.5
2026-09-29T15:04:30.194,9.57,39.557,89.818,58.818,2020.155,65.603,7.49,33.679,17.948,13.926,62.5
2026-09-29T15:04:30.502,9.88,42.034,89.721,59.494,1935.238,68.165,7.855,33.655,17.088,11.799,62.499
2026-09-29T15:04:30.809,10.19,44.391,89.625,59.889,1853.27,70.672,8.309,33.63,16.119,9.897,62.499
2026-09-29T15:04:31.115,10.5,46.57,89.53,59.998,1775.373,73.11,8.845,33.605,15.066,8.259,62.498
2026-09-29T15:04:31.422,10.8,48.566,89.435,59.825,1700.892,75.516,9.464,33.579,13.939,6.917,62.497
2026-09-29T15:04:31.728,11.11,50.335,89.34,59.371,1631.111,77.848,10.153,33.553,12.772,5.912,62.496
2026-09-29T15:04:32.035,11.41,51.856,89.247,58.646,1566.703,80.11,10.903,33.525,11.589,5.27,62.495
2026-09-29T15:04:32.342,11.72,53.092,89.154,57.666,1508.249,82.283,11.706,33.497,10.411,5.006,62.494
